{"cameraMode":{"drawMode":0,"name":"Shaded","section":"Shading Mode"},"sceneLighting":false,"audioPlay":false,"sceneViewState":{"showFog":true,"showMaterialUpdate":false,"showSkybox":false,"showFlares":true,"showImageEffects":true,"showParticleSystems":true},"in2DMode":false,"pivot":{"x":0.2885735034942627,"y":3.1867058277130129,"z":-0.21242833137512208},"rotation":{"x":0.20937120914459229,"y":-0.28220459818840029,"z":0.06325462460517883,"w":0.9340894222259522},"size":2.490830898284912,"orthographic":false}