{"cameraMode":{"drawMode":0,"name":"Shaded","section":"Shading Mode"},"sceneLighting":false,"audioPlay":false,"sceneViewState":{"showFog":true,"showMaterialUpdate":false,"showSkybox":false,"showFlares":true,"showImageEffects":true,"showParticleSystems":true},"in2DMode":false,"pivot":{"x":1.0616455078125,"y":5.4423828125,"z":2.1748046875},"rotation":{"x":0.3677728474140167,"y":0.0585290789604187,"z":-0.023198731243610383,"w":0.927788257598877},"size":4.789319038391113,"orthographic":true}