{"cameraMode":{"drawMode":0,"name":"Shaded","section":"Shading Mode"},"sceneLighting":false,"audioPlay":false,"sceneViewState":{"showFog":true,"showMaterialUpdate":false,"showSkybox":false,"showFlares":true,"showImageEffects":true,"showParticleSystems":true},"in2DMode":false,"pivot":{"x":0.25286865234375,"y":0.695068359375,"z":-0.1806640625},"rotation":{"x":0.30429595708847048,"y":-0.11111960560083389,"z":0.03576642647385597,"w":0.9454002380371094},"size":1.902469515800476,"orthographic":true}