{"cameraMode":{"drawMode":0,"name":"Shaded","section":"Shading Mode"},"sceneLighting":false,"audioPlay":false,"sceneViewState":{"showFog":true,"showMaterialUpdate":false,"showSkybox":false,"showFlares":true,"showImageEffects":true,"showParticleSystems":true},"in2DMode":false,"pivot":{"x":-0.20888400077819825,"y":0.6532764434814453,"z":-0.9373674392700195},"rotation":{"x":0.34639206528663638,"y":-0.17031481862068177,"z":0.06410704553127289,"w":0.9202694892883301},"size":8.113625526428223,"orthographic":false}