{"cameraMode":{"drawMode":0,"name":"Shaded","section":"Shading Mode"},"sceneLighting":false,"audioPlay":false,"sceneViewState":{"showFog":true,"showMaterialUpdate":false,"showSkybox":false,"showFlares":true,"showImageEffects":true,"showParticleSystems":true},"in2DMode":false,"pivot":{"x":-0.02259683609008789,"y":-0.5032787322998047,"z":-2.050901412963867},"rotation":{"x":0.41536906361579897,"y":-0.11412195861339569,"z":0.05261530354619026,"w":0.9009314179420471},"size":9.843168258666993,"orthographic":false}