{"cameraMode":{"drawMode":0,"name":"Shaded","section":"Shading Mode"},"sceneLighting":true,"audioPlay":false,"sceneViewState":{"showFog":true,"showMaterialUpdate":false,"showSkybox":true,"showFlares":true,"showImageEffects":true,"showParticleSystems":true},"in2DMode":false,"pivot":{"x":0.04063081741333008,"y":1.2500001192092896,"z":0.0},"rotation":{"x":0.2899915874004364,"y":0.3738931119441986,"z":-0.12431930005550385,"w":0.8721552491188049},"size":11.813200950622559,"orthographic":false}