{"cameraMode":{"drawMode":0,"name":"Shaded","section":"Shading Mode"},"sceneLighting":false,"audioPlay":false,"sceneViewState":{"showFog":true,"showMaterialUpdate":false,"showSkybox":false,"showFlares":true,"showImageEffects":true,"showParticleSystems":true},"in2DMode":false,"pivot":{"x":0.8385899066925049,"y":0.9724788665771484,"z":-0.01663684844970703},"rotation":{"x":0.39509668946266177,"y":-0.03581272438168526,"z":0.015416602604091168,"w":0.9178127646446228},"size":11.235058784484864,"orthographic":false}