{"cameraMode":{"drawMode":0,"name":"Shaded","section":"Shading Mode"},"sceneLighting":false,"audioPlay":false,"sceneViewState":{"showFog":true,"showMaterialUpdate":false,"showSkybox":false,"showFlares":true,"showImageEffects":true,"showParticleSystems":true},"in2DMode":false,"pivot":{"x":1.3509111404418946,"y":-5.4771833419799809,"z":-1.3008747100830079},"rotation":{"x":0.4813050925731659,"y":-0.1459323912858963,"z":0.08162860572338104,"w":0.8604578971862793},"size":10.163908004760743,"orthographic":false}