{"cameraMode":{"drawMode":0,"name":"Shaded","section":"Shading Mode"},"sceneLighting":false,"audioPlay":false,"sceneViewState":{"showFog":true,"showMaterialUpdate":false,"showSkybox":false,"showFlares":true,"showImageEffects":true,"showParticleSystems":true},"in2DMode":false,"pivot":{"x":0.0,"y":3.9000000953674318,"z":-1.1920928955078126e-7},"rotation":{"x":0.3000527322292328,"y":-0.3054506778717041,"z":0.10207132995128632,"w":0.8979140520095825},"size":0.779423177242279,"orthographic":true}