{"cameraMode":{"drawMode":0,"name":"Shaded","section":"Shading Mode"},"sceneLighting":false,"audioPlay":false,"sceneViewState":{"showFog":true,"showMaterialUpdate":false,"showSkybox":false,"showFlares":true,"showImageEffects":true,"showParticleSystems":true},"in2DMode":false,"pivot":{"x":1.2119140625,"y":-0.23329147696495057,"z":0.4228101968765259},"rotation":{"x":0.3000527322292328,"y":-0.3054506778717041,"z":0.10207132995128632,"w":0.8979140520095825},"size":3.915083169937134,"orthographic":true}